App name,No.,Time,Source,Destination,Protocol,Length
TestApp,1,0.0,172.30.1.250,172.30.1.1,MQTT,199
TestApp,2,12.488547,172.30.1.250,172.30.1.1,MQTT,36
TestApp,3,20.105526,172.30.1.250,172.30.1.1,MQTT,132
TestApp,4,33.88748,172.30.1.250,172.30.1.1,UDP,53
TestApp,5,39.548558,172.30.1.250,172.30.1.1,UDP,173
TestApp,6,51.524699,172.30.1.1,172.30.1.250,MQTT,149
TestApp,7,60.222239,172.30.1.250,172.30.1.1,UDP,79
TestApp,8,70.673243,172.30.1.250,172.30.1.1,UDP,110
